From	To
A0A0D9SF12	CCDC163
A0AUZ9	KANSL1L
A0AVF1	TTC26
A0AVT1	UBA6
A0FGR8	ESYT2
A0PJY2	FEZF1
A1A4S6	ARHGAP10
A2A2Z9	ANKRD18B
A2A368	MAGEB16
A2RUS2	DENND3
A2VDF0	FUOM
A4D256	CDC14C
A4D263	SPATA48
A4FU69	EFCAB5
A5YKK6	CNOT1
A6H8Y1	BDP1
A6NCS6	C2orf72
A6NDG6	PGP
A6NE01	FAM186A
A6NFH5	FABP12
A6NFQ2	TCAF2
A6NHQ2	FBLL1
A6NHR9	SMCHD1
A6NJZ7	RIMBP3C
A6NLC8	TAF11L2
A6NNN8	SLC38A8
A6NNT2	C16orf96
A6PVS8	LRRIQ3
A7E2V4	ZSWIM8
A8MUH7	PDZK1P1
A8MX76	CAPN14
A8MYB1	TMCO5B
B0I1T2	MYO1G
B2RUY7	VWC2L
B2RXF5	ZBTB42
B7Z6K7	ZNF814
C9JC47	FAM157A
C9JH25	PRRT4
C9JSJ3	MEIOSIN
D6RIA3	C4orf54
E9PAV3	NACA
E9PRG8	C11orf98
H7BZ55	CROCC2
O00116	AGPS
O00154	ACOT7
O00159	MYO1C
O00161	SNAP23
O00170	AIP
O00182	LGALS9
O00189	AP4M1
O00192	ARVCF
O00193	SMAP
O00214	LGALS8
O00231	PSMD11
O00232	PSMD12
O00233	PSMD9
O00244	ATOX1
O00264	PGRMC1
O00299	CLIC1
O00303	EIF3F
O00330	PDHX
O00338	SULT1C2
O00400	SLC33A1
O00410	IPO5
O00411	POLRMT
O00422	SAP18
O00425	IGF2BP3
O00429	DNM1L
O00442	RTCA
O00463	TRAF5
O00482	NR5A2
O00483	NDUFA4
O00487	PSMD14
O00505	KPNA3
O00507	USP9Y
O00533	CHL1
O00541	PES1
O00555	CACNA1A
O00560	SDCBP
O00562	PITPNM1
O00566	MPHOSPH10
O00567	NOP56
O00571	DDX3X
O00584	RNASET2
O00591	GABRP
O00625	PIR
O00629	KPNA4
O00743	PPP6C
O00746	NME4
O00750	PIK3C2B
O00754	MAN2B1
O00762	UBE2C
O00764	PDXK
O00767	SCD
O14544	SOCS6
O14556	GAPDHS
O14561	NDUFAB1
O14578	CIT
O14579	COPE
O14602	EIF1AY
O14607	UTY
O14641	DVL2
O14647	CHD2
O14686	KMT2D
O14737	PDCD5
O14744	PRMT5
O14745	SLC9A3R1
O14773	TPP1
O14776	TCERG1
O14818	PSMA7
O14828	SCAMP3
O14880	MGST3
O14907	TAX1BP3
O14908	GIPC1
O14917	PCDH17
O14925	TIMM23
O14939	PLD2
O14949	UQCRQ
O14964	HGS
O14974	PPP1R12A
O14979	HNRNPDL
O14980	XPO1
O15015	ZNF646
O15050	TRANK1
O15062	ZBTB5
O15063	GARRE1
O15066	KIF3B
O15067	PFAS
O15072	ADAMTS3
O15075	DCLK1
O15078	CEP290
O15123	ANGPT2
O15127	SCAMP2
O15143	ARPC1B
O15144	ARPC2
O15145	ARPC3
O15160	POLR1C
O15212	PFDN6
O15213	WDR46
O15230	LAMA5
O15258	RER1
O15294	OGT
O15297	PPM1D
O15327	INPP4B
O15347	HMGB3
O15355	PPM1G
O15357	INPPL1
O15371	EIF3D
O15372	EIF3H
O15382	BCAT2
O15400	STX7
O15427	SLC16A3
O15440	ABCC5
O15498	YKT6
O15511	ARPC5
O15537	RS1
O43143	DHX15
O43149	ZZEF1
O43150	ASAP2
O43169	CYB5B
O43172	PRPF4
O43175	PHGDH
O43242	PSMD3
O43252	PAPSS1
O43310	CTIF
O43313	ATMIN
O43324	EEF1E1
O43390	HNRNPR
O43395	PRPF3
O43396	TXNL1
O43399	TPD52L2
O43447	PPIH
O43451	MGAM
O43488	AKR7A2
O43491	EPB41L2
O43516	WIPF1
O43529	CHST10
O43583	DENR
O43592	XPOT
O43598	DNPH1
O43615	TIMM44
O43617	TRAPPC3
O43660	PLRG1
O43665	RGS10
O43670	ZNF207
O43674	NDUFB5
O43681	GET3
O43683	BUB1
O43684	BUB3
O43707	ACTN4
O43709	BUD23
O43719	HTATSF1
O43747	AP1G1
O43765	SGTA
O43768	ENSA
O43776	NARS1
O43795	MYO1B
O43809	NUDT21
O43818	RRP9
O43823	AKAP8
O43824	GTPBP6
O43837	IDH3B
O43847	NRDC
O43852	CALU
O43865	AHCYL1
O43896	KIF1C
O43933	PEX1
O60216	RAD21
O60220	TIMM8A
O60234	GMFG
O60256	PRPSAP2
O60264	SMARCA5
O60271	SPAG9
O60281	ZNF292
O60313	OPA1
O60333	KIF1B
O60341	KDM1A
O60381	HBP1
O60437	PPL
O60469	DSCAM
O60477	BRINP1
O60488	ACSL4
O60493	SNX3
O60506	SYNCRIP
O60566	BUB1B
O60568	PLOD3
O60573	EIF4E2
O60610	DIAPH1
O60636	TSPAN2
O60637	TSPAN3
O60662	KLHL41
O60664	PLIN3
O60671	RAD1
O60701	UGDH
O60706	ABCC9
O60711	LPXN
O60739	EIF1B
O60749	SNX2
O60762	DPM1
O60763	USO1
O60832	DKC1
O60841	EIF5B
O60869	EDF1
O60870	KIN
O60884	DNAJA2
O60885	BRD4
O60888	CUTA
O60925	PFDN1
O75027	ABCB7
O75037	KIF21B
O75044	SRGAP2
O75081	CBFA2T3
O75083	WDR1
O75116	ROCK2
O75122	CLASP2
O75131	CPNE3
O75146	HIP1R
O75152	ZC3H11A
O75153	CLUH
O75165	DNAJC13
O75223	GGCT
O75343	GUCY1B2
O75347	TBCA
O75348	ATP6V1G1
O75351	VPS4B
O75365	PTP4A3
O75367	MACROH2A1
O75368	SH3BGRL
O75369	FLNB
O75381	PEX14
O75390	CS
O75396	SEC22B
O75400	PRPF40A
O75417	POLQ
O75431	MTX2
O75436	VPS26A
O75439	PMPCB
O75448	MED24
O75475	PSIP1
O75477	ERLIN1
O75489	NDUFS3
O75494	SRSF10
O75528	TADA3
O75531	BANF1
O75533	SF3B1
O75534	CSDE1
O75569	PRKRA
O75581	LRP6
O75607	NPM3
O75608	LYPLA1
O75626	PRDM1
O75643	SNRNP200
O75712	GJB3
O75717	WDHD1
O75746	SLC25A12
O75764	TCEA3
O75787	ATP6AP2
O75821	EIF3G
O75822	EIF3J
O75832	PSMD10
O75844	ZMPSTE24
O75874	IDH1
O75925	PIAS1
O75937	DNAJC8
O75940	SMNDC1
O75947	ATP5PD
O75952	CABYR
O75955	FLOT1
O75964	ATP5MG
O76003	GLRX3
O76021	RSL1D1
O76031	CLPX
O76041	NEBL
O76083	PDE9A
O76094	SRP72
O76096	CST7
O94762	RECQL5
O94776	MTA2
O94804	STK10
O94812	BAIAP3
O94823	ATP10B
O94826	TOMM70
O94832	MYO1D
O94903	PLPBP
O94905	ERLIN2
O94906	PRPF6
O94911	ABCA8
O94913	PCF11
O94925	GLS
O94955	RHOBTB3
O94964	SOGA1
O94973	AP2A2
O94979	SEC31A
O94986	CEP152
O95071	UBR5
O95104	SCAF4
O95153	TSPOAP1
O95166	GABARAP
O95197	RTN3
O95202	LETM1
O95218	ZRANB2
O95232	LUC7L3
O95292	VAPB
O95299	NDUFA10
O95319	CELF2
O95336	PGLS
O95347	SMC2
O95359	TACC2
O95373	IPO7
O95376	ARIH2
O95399	UTS2
O95427	PIGN
O95433	AHSA1
O95461	LARGE1
O95486	SEC24A
O95562	SFT2D2
O95573	ACSL3
O95622	ADCY5
O95625	ZBTB11
O95696	BRD1
O95714	HERC2
O95721	SNAP29
O95747	OXSR1
O95758	PTBP3
O95777	LSM8
O95782	AP2A1
O95789	ZMYM6
O95793	STAU1
O95803	NDST3
O95831	AIFM1
O95861	BPNT1
O95881	TXNDC12
O95886	DLGAP3
O95905	ECD
O95922	TTLL1
O95954	FTCD
O96000	NDUFB10
O96008	TOMM40
O96019	ACTL6A
O96028	NSD2
P00338	LDHA
P00367	GLUD1
P00374	DHFR
P00387	CYB5R3
P00390	GSR
P00403	MT-CO2
P00441	SOD1
P00491	PNP
P00492	HPRT1
P00505	GOT2
P00533	EGFR
P00558	PGK1
P00568	AK1
P00750	PLAT
P01023	A2M
P01111	NRAS
P01877	IGHA2
P01889	HLA-B
P02461	COL3A1
P02462	COL4A1
P02545	LMNA
P02746	C1QB
P02786	TFRC
P02792	FTL
P02794	FTH1
P04040	CAT
P04053	DNTT
P04075	ALDOA
P04080	CSTB
P04083	ANXA1
P04179	SOD2
P04181	OAT
P04271	S100B
P04350	TUBB4A
P04406	GAPDH
P04439	HLA-A
P04632	CAPNS1
P04792	HSPB1
P04818	TYMS
P04843	RPN1
P04844	RPN2
P04899	GNAI2
P05023	ATP1A1
P05026	ATP1B1
P05091	ALDH2
P05107	ITGB2
P05114	HMGN1
P05120	SERPINB2
P05141	SLC25A5
P05156	CFI
P05161	ISG15
P05181	CYP2E1
P05198	EIF2S1
P05204	HMGN2
P05387	RPLP2
P05388	RPLP0
P05455	SSB
P05496	ATP5MC1
P05556	ITGB1
P05771	PRKCB
P06280	GLA
P06396	GSN
P06454	PTMA
P06493	CDK1
P06576	ATP5F1B
P06703	S100A6
P06730	EIF4E
P06733	ENO1
P06737	PYGL
P06744	GPI
P06748	NPM1
P06753	TPM3
P06865	HEXA
P07093	SERPINE2
P07108	DBI
P07195	LDHB
P07203	GPX1
P07237	P4HB
P07305	H1-0
P07339	CTSD
P07355	ANXA2
P07384	CAPN1
P07437	TUBB
P07476	IVL
P07602	PSAP
P07686	HEXB
P07737	PFN1
P07741	APRT
P07814	EPRS1
P07900	HSP90AA1
P07910	HNRNPC
P07911	UMOD
P07919	UQCRH
P07954	FH
P08133	ANXA6
P08195	SLC3A2
P08237	PFKM
P08238	HSP90AB1
P08246	ELANE
P08254	MMP3
P08311	CTSG
P08559	PDHA1
P08567	PLEK
P08574	CYC1
P08575	PTPRC
P08579	SNRPB2
P08621	SNRNP70
P08670	VIM
P08708	RPS17
P08758	ANXA5
P08865	RPSA
P08908	HTR1A
P08962	CD63
P09012	SNRPA
P09104	ENO2
P09132	SRP19
P09211	GSTP1
P09234	SNRPC
P09382	LGALS1
P09417	QDPR
P09429	HMGB1
P09493	TPM1
P09496	CLTA
P09497	CLTB
P09525	ANXA4
P09543	CNP
P09619	PDGFRB
P09622	DLD
P09651	HNRNPA1
P09661	SNRPA1
P09668	CTSH
P09669	COX6C
P09874	PARP1
P09884	POLA1
P09914	IFIT1
P09960	LTA4H
P09972	ALDOC
P0C860	MSL3P1
P0C881	RSPH10B
P0CI26	TRIM49C
P0DJD0	RGPD1
P0DMV9	HSPA1B
P0DP25	CALM3
P0DPI2	GATD3
P10109	FDX1
P10155	RO60
P10412	H1-4
P10515	DLAT
P10599	TXN
P10606	COX5B
P10619	CTSA
P10644	PRKAR1A
P10721	KIT
P10768	ESD
P10809	HSPD1
P11021	HSPA5
P11142	HSPA8
P11166	SLC2A1
P11171	EPB41
P11172	UMPS
P11177	PDHB
P11216	PYGB
P11229	CHRM1
P11233	RALA
P11279	LAMP1
P11309	PIM1
P11310	ACADM
P11387	TOP1
P11388	TOP2A
P11413	G6PD
P11586	MTHFD1
P11717	IGF2R
P11766	ADH5
P11908	PRPS2
P11940	PABPC1
P12004	PCNA
P12036	NEFH
P12081	HARS1
P12111	COL6A3
P12235	SLC25A4
P12236	SLC25A6
P12268	IMPDH2
P12270	TPR
P12271	RLBP1
P12724	RNASE3
P12814	ACTN1
P12955	PEPD
P12956	XRCC6
P13010	XRCC5
P13073	COX4I1
P13473	LAMP2
P13489	RNH1
P13521	SCG2
P13639	EEF2
P13667	PDIA4
P13674	P4HA1
P13693	TPT1
P13796	LCP1
P13797	PLS3
P13798	APEH
P13804	ETFA
P13861	PRKAR2A
P13984	GTF2F2
P13987	CD59
P14174	MIF
P14209	CD99
P14314	PRKCSH
P14317	HCLS1
P14324	FDPS
P14543	NID1
P14550	AKR1A1
P14618	PKM
P14625	HSP90B1
P14735	IDE
P14854	COX6B1
P14866	HNRNPL
P14867	GABRA1
P14868	DARS1
P14927	UQCRB
P15104	GLUL
P15121	AKR1B1
P15144	ANPEP
P15153	RAC2
P15170	GSPT1
P15260	IFNGR1
P15311	EZR
P15374	UCHL3
P15531	NME1
P15559	NQO1
P15586	GNS
P15880	RPS2
P15924	DSP
P15927	RPA2
P15954	COX7C
P16070	CD44
P16104	H2AX
P16150	SPN
P16152	CBR1
P16278	GLB1
P16298	PPP3CB
P16401	H1-5
P16402	H1-3
P16403	H1-2
P16435	POR
P16591	FER
P16615	ATP2A2
P16860	NPPB
P16930	FAH
P16949	STMN1
P16989	YBX3
P17019	ZNF708
P17066	HSPA6
P17096	HMGA1
P17098	ZNF8
P17174	GOT1
P17302	GJA1
P17480	UBTF
P17612	PRKACA
P17655	CAPN2
P17812	CTPS1
P17813	ENG
P17844	DDX5
P17858	PFKL
P17900	GM2A
P17931	LGALS3
P17980	PSMC3
P17987	TCP1
P18031	PTPN1
P18077	RPL35A
P18085	ARF4
P18124	RPL7
P18206	VCL
P18433	PTPRA
P18583	SON
P18621	RPL17
P18669	PGAM1
P18754	RCC1
P18846	ATF1
P18858	LIG1
P18859	ATP5PF
P18887	XRCC1
P19105	MYL12A
P19174	PLCG1
P19338	NCL
P19367	HK1
P19388	POLR2E
P19404	NDUFV2
P19525	EIF2AK2
P19623	SRM
P19838	NFKB1
P19878	NCF2
P20042	EIF2S2
P20061	TCN1
P20073	ANXA7
P20290	BTF3
P20339	RAB5A
P20340	RAB6A
P20618	PSMB1
P20645	M6PR
P20671	H2AC7
P20674	COX5A
P20700	LMNB1
P20810	CAST
P20839	IMPDH1
P20929	NEB
P20941	PDC
P20962	PTMS
P21127	CDK11B
P21281	ATP6V1B2
P21283	ATP6V1C1
P21291	CSRP1
P21333	FLNA
P21399	ACO1
P21439	ABCB4
P21796	VDAC1
P21817	RYR1
P21912	SDHB
P22061	PCMT1
P22087	FBL
P22102	GART
P22234	PAICS
P22307	SCP2
P22314	UBA1
P22392	NME2
P22626	HNRNPA2B1
P22695	UQCRC2
P23141	CES1
P23193	TCEA1
P23246	SFPQ
P23284	PPIB
P23297	S100A1
P23368	ME2
P23381	WARS1
P23396	RPS3
P23470	PTPRG
P23515	OMG
P23526	AHCY
P23528	CFL1
P23588	EIF4B
P23919	DTYMK
P23921	RRM1
P24043	LAMA2
P24158	PRTN3
P24534	EEF1B2
P24539	ATP5PB
P24666	ACP1
P24752	ACAT1
P24863	CCNC
P24928	POLR2A
P24941	CDK2
P25021	HRH2
P25205	MCM3
P25398	RPS12
P25490	YY1
P25685	DNAJB1
P25705	ATP5F1A
P25786	PSMA1
P25787	PSMA2
P25788	PSMA3
P25789	PSMA4
P25815	S100P
P26038	MSN
P26196	DDX6
P26358	DNMT1
P26368	U2AF2
P26373	RPL13
P26440	IVD
P26447	S100A4
P26583	HMGB2
P26599	PTBP1
P26639	TARS1
P26640	VARS1
P26641	EEF1G
P26885	FKBP2
P27105	STOM
P27348	YWHAQ
P27635	RPL10
P27694	RPA1
P27695	APEX1
P27708	CAD
P27797	CALR
P27816	MAP4
P27824	CANX
P28062	PSMB8
P28066	PSMA5
P28070	PSMB4
P28072	PSMB6
P28074	PSMB5
P28329	CHAT
P28340	POLD1
P28482	MAPK1
P28749	RBL1
P28838	LAP3
P29074	PTPN4
P29144	TPP2
P29350	PTPN6
P29375	KDM5A
P29401	TKT
P29692	EEF1D
P29966	MARCKS
P30038	ALDH4A1
P30040	ERP29
P30041	PRDX6
P30043	BLVRB
P30044	PRDX5
P30046	DDT
P30048	PRDX3
P30049	ATP5F1D
P30050	RPL12
P30084	ECHS1
P30085	CMPK1
P30086	PEBP1
P30101	PDIA3
P30153	PPP2R1A
P30260	CDC27
P30405	PPIF
P30419	NMT1
P30519	HMOX2
P30520	ADSS2
P30533	LRPAP1
P30566	ADSL
P30626	SRI
P30679	GNA15
P30740	SERPINB1
P30837	ALDH1B1
P31040	SDHA
P31146	CORO1A
P31152	MAPK4
P31153	MAT2A
P31350	RRM2
P31483	TIA1
P31689	DNAJA1
P31930	UQCRC1
P31937	HIBADH
P31939	ATIC
P31942	HNRNPH3
P31943	HNRNPH1
P31946	YWHAB
P31947	SFN
P31948	STIP1
P31949	S100A11
P32119	PRDX2
P32322	PYCR1
P32969	RPL9
P32969	RPL9P7
P32969	RPL9P8
P32969	RPL9P9
P33176	KIF5B
P33240	CSTF2
P33316	DUT
P33527	ABCC1
P33908	MAN1A1
P33991	MCM4
P33992	MCM5
P33993	MCM7
P34059	GALNS
P34896	SHMT1
P34897	SHMT2
P34931	HSPA1L
P34932	HSPA4
P35219	CA8
P35232	PHB1
P35237	SERPINB6
P35240	NF2
P35241	RDX
P35244	RPA3
P35249	RFC4
P35250	RFC2
P35251	RFC1
P35268	RPL22
P35269	GTF2F1
P35579	MYH9
P35580	MYH10
P35606	COPB2
P35610	SOAT1
P35613	BSG
P35637	FUS
P35658	NUP214
P35659	DEK
P35998	PSMC2
P36405	ARL3
P36507	MAP2K2
P36542	ATP5F1C
P36543	ATP6V1E1
P36551	CPOX
P36578	RPL4
P36639	NUDT1
P36776	LONP1
P36871	PGM1
P36873	PPP1CC
P36952	SERPINB5
P36957	DLST
P36959	GMPR
P36969	GPX4
P37088	SCNN1A
P37108	SRP14
P37235	HPCAL1
P37268	FDFT1
P37802	TAGLN2
P37837	TALDO1
P37840	SNCA
P38117	ETFB
P38159	RBMX
P38606	ATP6V1A
P38646	HSPA9
P38919	EIF4A3
P39019	RPS19
P39023	RPL3
P39210	MPV17
P39656	DDOST
P39687	ANP32A
P39748	FEN1
P40121	CAPG
P40126	DCT
P40227	CCT6A
P40429	RPL13A
P40616	ARL1
P40925	MDH1
P40926	MDH2
P40938	RFC3
P40939	HADHA
P40967	PMEL
P41091	EIF2S3
P41218	MNDA
P41227	NAA10
P41240	CSK
P41250	GARS1
P41252	IARS1
P41743	PRKCI
P42025	ACTR1B
P42126	ECI1
P42167	TMPO
P42224	STAT1
P42285	MTREX
P42574	CASP3
P42677	RPS27
P42696	RBM34
P42704	LRPPRC
P42765	ACAA2
P42766	RPL35
P42768	WAS
P42898	MTHFR
P43007	SLC1A4
P43034	PAFAH1B1
P43121	MCAM
P43243	MATR3
P43246	MSH2
P43304	GPD2
P43307	SSR1
P43487	RANBP1
P43490	NAMPT
P43686	PSMC4
P43897	TSFM
P45880	VDAC2
P45973	CBX5
P45974	USP5
P46013	MKI67
P46020	PHKA1
P46060	RANGAP1
P46063	RECQL
P46087	NOP2
P46108	CRK
P46109	CRKL
P46379	BAG6
P46459	NSF
P46776	RPL27A
P46777	RPL5
P46778	RPL21
P46779	RPL28
P46781	RPS9
P46782	RPS5
P46783	RPS10
P46821	MAP1B
P46926	GNPDA1
P46940	IQGAP1
P46976	GYG1
P46977	STT3A
P47755	CAPZA2
P47756	CAPZB
P47775	GPR12
P47813	EIF1AX
P47897	QARS1
P47914	RPL29
P47985	UQCRFS1
P48047	ATP5PO
P48147	PREP
P48382	RFX5
P48436	SOX9
P48444	ARCN1
P48556	PSMD8
P48634	PRRC2A
P48637	GSS
P48643	CCT5
P48729	CSNK1A1
P48735	IDH2
P48736	PIK3CG
P48739	PITPNB
P49006	MARCKSL1
P49189	ALDH9A1
P49207	RPL34
P49257	LMAN1
P49321	NASP
P49327	FASN
P49366	DHPS
P49368	CCT3
P49407	ARRB1
P49411	TUFM
P49419	ALDH7A1
P49454	CENPF
P49458	SRP9
P49588	AARS1
P49589	CARS1
P49591	SARS1
P49642	PRIM1
P49720	PSMB3
P49736	MCM2
P49748	ACADVL
P49755	TMED10
P49756	RBM25
P49770	EIF2B2
P49773	HINT1
P49792	RANBP2
P49915	GMPS
P49959	MRE11
P50213	IDH3A
P50225	SULT1A1
P50238	CRIP1
P50281	MMP14
P50395	GDI2
P50402	EMD
P50416	CPT1A
P50454	SERPINH1
P50502	ST13
P50542	PEX5
P50552	VASP
P50570	DNM2
P50579	METAP2
P50747	HLCS
P50897	PPT1
P50914	RPL14
P50990	CCT8
P50991	CCT4
P50995	ANXA11
P51114	FXR1
P51116	FXR2
P51148	RAB5C
P51149	RAB7A
P51153	RAB13
P51157	RAB28
P51159	RAB27A
P51398	DAP3
P51452	DUSP3
P51570	GALK1
P51571	SSR4
P51572	BCAP31
P51606	RENBP
P51610	HCFC1
P51659	HSD17B4
P51665	PSMD7
P51798	CLCN7
P51801	CLCNKB
P51812	RPS6KA3
P51813	BMX
P51828	ADCY7
P51858	HDGF
P51911	CNN1
P51991	HNRNPA3
P52179	MYOM1
P52209	PGD
P52272	HNRNPM
P52292	KPNA2
P52294	KPNA1
P52298	NCBP2
P52434	POLR2H
P52565	ARHGDIA
P52566	ARHGDIB
P52594	AGFG1
P52597	HNRNPF
P52701	MSH6
P52732	KIF11
P52746	ZNF142
P52756	RBM5
P52788	SMS
P52789	HK2
P52815	MRPL12
P52824	DGKQ
P52888	THOP1
P52907	CAPZA1
P53004	BLVRA
P53007	SLC25A1
P53041	PPP5C
P53396	ACLY
P53420	COL4A4
P53597	SUCLG1
P53618	COPB1
P53621	COPA
P53634	CTSC
P53680	AP2S1
P53801	PTTG1IP
P53803	POLR2K
P53814	SMTN
P53985	SLC16A1
P53990	IST1
P53992	SEC24C
P53999	SUB1
P54105	CLNS1A
P54136	RARS1
P54274	TERF1
P54277	PMS1
P54289	CACNA2D1
P54296	MYOM2
P54577	YARS1
P54578	USP14
P54707	ATP12A
P54709	ATP1B3
P54725	RAD23A
P54727	RAD23B
P54819	AK2
P54886	ALDH18A1
P54920	NAPA
P55036	PSMD4
P55060	CSE1L
P55072	VCP
P55081	MFAP1
P55084	HADHB
P55196	AFDN
P55209	NAP1L1
P55265	ADAR
P55327	TPD52
P55769	SNU13
P55786	NPEPPS
P55795	HNRNPH2
P55809	OXCT1
P55854	SUMO3
P55884	EIF3B
P55957	BID
P56134	ATP5MF
P56182	RRP1
P56192	MARS1
P56377	AP1S2
P56381	ATP5F1E
P56385	ATP5ME
P56537	EIF6
P56545	CTBP2
P56693	SOX10
P57088	TMEM33
P57103	SLC8A3
P57729	RAB38
P57740	NUP107
P58005	SESN3
P58335	ANTXR2
P58499	FAM3B
P58546	MTPN
P59923	ZNF445
P59998	ARPC4
P60174	TPI1
P60228	EIF3E
P60468	SEC61B
P60660	MYL6
P60709	ACTB
P60842	EIF4A1
P60866	RPS20
P60891	PRPS1
P60900	PSMA6
P60903	S100A10
P60953	CDC42
P60981	DSTN
P61006	RAB8A
P61009	SPCS3
P61011	SRP54
P61019	RAB2A
P61020	RAB5B
P61026	RAB10
P61081	UBE2M
P61086	UBE2K
P61088	UBE2N
P61106	RAB14
P61158	ACTR3
P61160	ACTR2
P61163	ACTR1A
P61201	COPS2
P61221	ABCE1
P61247	RPS3A
P61254	RPL26
P61289	PSME3
P61313	RPL15
P61326	MAGOH
P61353	RPL27
P61421	ATP6V0D1
P61513	RPL37A
P61586	RHOA
P61604	HSPE1
P61619	SEC61A1
P61626	LYZ
P61758	VBP1
P61769	B2M
P61803	DAD1
P61812	TGFB2
P61916	NPC2
P61923	COPZ1
P61927	RPL37
P61956	SUMO2
P61960	UFM1
P61964	WDR5
P61970	NUTF2
P61978	HNRNPK
P61981	YWHAG
P62081	RPS7
P62136	PPP1CA
P62191	PSMC1
P62195	PSMC5
P62241	RPS8
P62244	RPS15A
P62249	RPS16
P62258	YWHAE
P62263	RPS14
P62266	RPS23
P62269	RPS18
P62273	RPS29
P62277	RPS13
P62280	RPS11
P62304	SNRPE
P62306	SNRPF
P62308	SNRPG
P62310	LSM3
P62314	SNRPD1
P62316	SNRPD2
P62318	SNRPD3
P62328	TMSB4X
P62333	PSMC6
P62424	RPL7A
P62495	ETF1
P62701	RPS4X
P62714	PPP2CB
P62750	RPL23A
P62753	RPS6
P62805	H4-16
P62805	H4C1
P62805	H4C11
P62805	H4C12
P62805	H4C13
P62805	H4C14
P62805	H4C15
P62805	H4C2
P62805	H4C3
P62805	H4C4
P62805	H4C5
P62805	H4C6
P62805	H4C8
P62805	H4C9
P62807	H2BC10
P62807	H2BC4
P62807	H2BC6
P62807	H2BC7
P62807	H2BC8
P62820	RAB1A
P62826	RAN
P62829	RPL23
P62834	RAP1A
P62841	RPS15
P62847	RPS24
P62851	RPS25
P62854	RPS26
P62857	RPS28
P62861	FAU
P62888	RPL30
P62891	RPL39
P62899	RPL31
P62906	RPL10A
P62910	RPL32
P62913	RPL11
P62917	RPL8
P62937	PPIA
P62942	FKBP1A
P62987	UBA52
P62993	GRB2
P62995	TRA2B
P63000	RAC1
P63010	AP2B1
P63104	YWHAZ
P63151	PPP2R2A
P63162	SNRPN
P63167	DYNLL1
P63173	RPL38
P63208	SKP1
P63218	GNG5
P63220	RPS21
P63241	EIF5A
P63244	RACK1
P63261	ACTG1
P63267	ACTG2
P63279	UBE2I
P67775	PPP2CA
P67809	YBX1
P67812	SEC11A
P67936	TPM4
P68036	UBE2L3
P68363	TUBA1B
P68366	TUBA4A
P68371	TUBB4B
P68400	CSNK2A1
P68543	UBXN2A
P69849	NOMO3
P78316	NOP14
P78318	IGBP1
P78324	SIRPA
P78344	EIF4G2
P78347	GTF2I
P78348	ASIC1
P78369	CLDN10
P78371	CCT2
P78406	RAE1
P78417	GSTO1
P78527	PRKDC
P78536	ADAM17
P80303	NUCB2
P80723	BASP1
P81133	SIM1
P82914	MRPS15
P82930	MRPS34
P82970	HMGN5
P82979	SARNP
P83111	LACTB
P83731	RPL24
P83881	RPL36A
P84077	ARF1
P84085	ARF5
P84090	ERH
P84095	RHOG
P84098	RPL19
P84101	SERF2
P84103	SRSF3
P84243	H3-3A
P84243	H3-3B
P86791	CCZ1
P98082	DAB2
P98088	MUC5AC
P98160	HSPG2
P98164	LRP2
P98175	RBM10
P98179	RBM3
P99999	CYCS
Q00059	TFAM
Q00325	SLC25A3
Q00341	HDLBP
Q00610	CLTC
Q00688	FKBP3
Q00722	PLCB2
Q00765	REEP5
Q00796	SORD
Q00839	HNRNPU
Q00975	CACNA1B
Q01081	U2AF1
Q01082	SPTBN1
Q01085	TIAL1
Q01105	SET
Q01130	SRSF2
Q01167	FOXK2
Q01469	FABP5
Q01484	ANK2
Q01518	CAP1
Q01581	HMGCS1
Q01650	SLC7A5
Q01664	TFAP4
Q01668	CACNA1D
Q01813	PFKP
Q01844	EWSR1
Q01970	PLCB3
Q02153	GUCY1B1
Q02218	OGDH
Q02224	CENPE
Q02318	CYP27A1
Q02338	BDH1
Q02543	RPL18A
Q02750	MAP2K1
Q02790	FKBP4
Q02809	PLOD1
Q02818	NUCB1
Q02878	RPL6
Q02880	TOP2B
Q02978	SLC25A11
Q03001	DST
Q03112	MECOM
Q03252	LMNB2
Q03701	CEBPZ
Q03989	ARID5A
Q04323	UBXN1
Q04446	GBE1
Q04637	EIF4G1
Q04726	TLE3
Q04727	TLE4
Q04760	GLO1
Q04837	SSBP1
Q04917	YWHAH
Q04941	PLP2
Q05086	UBE3A
Q05519	SRSF11
Q05655	PRKCD
Q05682	CALD1
Q05BQ5	MBTD1
Q06187	BTK
Q06190	PPP2R3A
Q06203	PPAT
Q06210	GFPT1
Q06323	PSME1
Q06546	GABPA
Q06730	ZNF33A
Q06830	PRDX1
Q07020	RPL18
Q07021	C1QBP
Q07065	CKAP4
Q07666	KHDRBS1
Q07812	BAX
Q07866	KLC1
Q07889	SOS1
Q07954	LRP1
Q07955	SRSF1
Q08211	DHX9
Q08257	CRYZ
Q08378	GOLGA3
Q08380	LGALS3BP
Q08722	CD47
Q08752	PPID
Q08945	SSRP1
Q08AD1	CAMSAP2
Q08J23	NSUN2
Q09028	RBBP4
Q09161	NCBP1
Q09472	EP300
Q09666	AHNAK
Q0VD83	APOBR
Q0VDD8	DNAH14
Q0VDF9	HSPA14
Q0VF49	KIAA2012
Q10471	GALNT2
Q10567	AP1B1
Q10587	TEF
Q12768	WASHC5
Q12769	NUP160
Q12778	FOXO1
Q12788	TBL3
Q12789	GTF3C1
Q12791	KCNMA1
Q12792	TWF1
Q12849	GRSF1
Q12874	SF3A3
Q12889	OVGP1
Q12904	AIMP1
Q12905	ILF2
Q12906	ILF3
Q12907	LMAN2
Q12923	PTPN13
Q12931	TRAP1
Q13011	ECH1
Q13017	ARHGAP5
Q13018	PLA2R1
Q13023	AKAP6
Q13045	FLII
Q13057	COASY
Q13098	GPS1
Q13126	MTAP
Q13129	RLF
Q13131	PRKAA1
Q13136	PPFIA1
Q13148	TARDBP
Q13151	HNRNPA0
Q13155	AIMP2
Q13162	PRDX4
Q13177	PAK2
Q13185	CBX3
Q13200	PSMD2
Q13207	TBX2
Q13242	SRSF9
Q13243	SRSF5
Q13247	SRSF6
Q13257	MAD2L1
Q13263	TRIM28
Q13283	G3BP1
Q13303	KCNAB2
Q13310	PABPC4
Q13315	ATM
Q13347	EIF3I
Q13367	AP3B2
Q13393	PLD1
Q13402	MYO7A
Q13404	UBE2V1
Q13409	DYNC1I2
Q13423	NNT
Q13428	TCOF1
Q13435	SF3B2
Q13439	GOLGA4
Q13442	PDAP1
Q13451	FKBP5
Q13459	MYO9B
Q13464	ROCK1
Q13492	PICALM
Q13501	SQSTM1
Q13505	MTX1
Q13509	TUBB3
Q13510	ASAH1
Q13523	PRPF4B
Q13541	EIF4EBP1
Q13547	HDAC1
Q13555	CAMK2G
Q13561	DCTN2
Q13564	NAE1
Q13573	SNW1
Q13591	SEMA5A
Q13595	TRA2A
Q13596	SNX1
Q13613	MTMR1
Q13616	CUL1
Q13617	CUL2
Q13619	CUL4A
Q13620	CUL4B
Q13630	GFUS
Q13637	RAB32
Q13724	MOGS
Q13769	THOC5
Q13813	SPTAN1
Q13825	AUH
Q13838	DDX39B
Q13885	TUBB2A
Q13895	BYSL
Q13907	IDI1
Q13951	CBFB
Q14005	IL16
Q14008	CKAP5
Q14011	CIRBP
Q14019	COTL1
Q14061	COX17
Q14103	HNRNPD
Q14137	BOP1
Q14152	EIF3A
Q14157	UBAP2L
Q14159	SPIDR
Q14165	MLEC
Q14166	TTLL12
Q14185	DOCK1
Q14197	MRPL58
Q14203	DCTN1
Q14204	DYNC1H1
Q14232	EIF2B1
Q14240	EIF4A2
Q14241	ELOA
Q14246	ADGRE1
Q14247	CTTN
Q14257	RCN2
Q14258	TRIM25
Q14315	FLNC
Q14318	FKBP8
Q14320	FAM50A
Q14376	GALE
Q14444	CAPRIN1
Q14498	RBM39
Q14527	HLTF
Q14562	DHX8
Q14566	MCM6
Q14657	LAGE3
Q14671	PUM1
Q14674	ESPL1
Q14676	MDC1
Q14677	CLINT1
Q14683	SMC1A
Q14684	RRP1B
Q14690	PDCD11
Q14697	GANAB
Q14738	PPP2R5D
Q14739	LBR
Q14765	STAT4
Q14789	GOLGB1
Q14839	CHD4
Q14847	LASP1
Q14896	MYBPC3
Q14956	GPNMB
Q14974	KPNB1
Q14978	NOLC1
Q14980	NUMA1
Q149M9	NWD1
Q14CX7	NAA25
Q15004	PCLAF
Q15005	SPCS2
Q15008	PSMD6
Q15018	ABRAXAS2
Q15019	SEPTIN2
Q15020	SART3
Q15021	NCAPD2
Q15029	EFTUD2
Q15032	R3HDM1
Q15041	ARL6IP1
Q15043	SLC39A14
Q15046	KARS1
Q15050	RRS1
Q15056	EIF4H
Q15058	KIF14
Q15061	WDR43
Q15075	EEA1
Q15084	PDIA6
Q15102	PAFAH1B3
Q15118	PDK1
Q15119	PDK2
Q15120	PDK3
Q15121	PEA15
Q15126	PMVK
Q15149	PLEC
Q15154	PCM1
Q15181	PPA1
Q15185	PTGES3
Q15233	NONO
Q15257	PTPA
Q15269	PWP2
Q15287	RNPS1
Q15293	RCN1
Q15363	TMED2
Q15365	PCBP1
Q15366	PCBP2
Q15369	ELOC
Q15370	ELOB
Q15382	RHEB
Q15386	UBE3C
Q15388	TOMM20
Q15392	DHCR24
Q15393	SF3B3
Q15397	PUM3
Q15404	RSU1
Q15417	CNN3
Q15418	RPS6KA1
Q15424	SAFB
Q15427	SF3B4
Q15428	SF3A2
Q15431	SYCP1
Q15434	RBMS2
Q15436	SEC23A
Q15437	SEC23B
Q15459	SF3A1
Q15542	TAF5
Q15631	TSN
Q15637	SF1
Q15643	TRIP11
Q15646	OASL
Q15651	HMGN3
Q15652	JMJD1C
Q15691	MAPRE1
Q15696	ZRSR2
Q15717	ELAVL1
Q15738	NSDHL
Q15746	MYLK
Q15758	SLC1A5
Q15785	TOMM34
Q15813	TBCE
Q15819	UBE2V2
Q15836	VAMP3
Q15843	NEDD8
Q15884	FAM189A2
Q15907	RAB11B
Q15942	ZYX
Q16082	HSPB2
Q16181	SEPTIN7
Q16186	ADRM1
Q16204	CCDC6
Q16352	INA
Q16401	PSMD5
Q16531	DDB1
Q16539	MAPK14
Q16543	CDC37
Q16549	PCSK7
Q16555	DPYSL2
Q16563	SYPL1
Q16576	RBBP7
Q16629	SRSF7
Q16630	CPSF6
Q16643	DBN1
Q16655	MLANA
Q16666	IFI16
Q16698	DECR1
Q16720	ATP2B3
Q16762	TST
Q16778	H2BC21
Q16795	NDUFA9
Q16821	PPP1R3A
Q16822	PCK2
Q16825	PTPN21
Q16836	HADH
Q16850	CYP51A1
Q16851	UGP2
Q16864	ATP6V1F
Q16878	CDO1
Q16881	TXNRD1
Q16891	IMMT
Q17RB8	LONRF1
Q1KMD3	HNRNPUL2
Q27J81	INF2
Q29RF7	PDS5A
Q2KHT3	CLEC16A
Q2KJY2	KIF26B
Q2LD37	KIAA1109
Q2M1P5	KIF7
Q2M1Z3	ARHGAP31
Q2M2H8	MGAM2
Q2M389	WASHC4
Q2NL82	TSR1
Q2Q1W2	TRIM71
Q2TAY7	SMU1
Q2TB10	ZNF800
Q2V2M9	FHOD3
Q32M45	ANO4
Q32MZ4	LRRFIP1
Q32P28	P3H1
Q38SD2	LRRK1
Q3L8U1	CHD9
Q3LXA3	TKFC
Q3MHD2	LSM12
Q3MIX3	ADCK5
Q3ZAQ7	VMA21
Q3ZCQ8	TIMM50
Q495X7	TRIM60
Q49AJ0	FAM135B
Q4G0J3	LARP7
Q4G0U5	CFAP221
Q4KMG9	TMEM52B
Q4KWH8	PLCH1
Q4VC31	MIX23
Q504Y0	SLC39A12
Q52LJ0	FAM98B
Q52M58	LINC02914
Q53EQ6	TIGD5
Q53GS9	USP39
Q53GT1	KLHL22
Q53H12	AGK
Q53H47	SETMAR
Q53H82	LACTB2
Q53S08	RAB6D
Q53T59	HS1BP3
Q562E7	WDR81
Q56UN5	MAP3K19
Q58FF6	HSP90AB4P
Q58FF8	HSP90AB2P
Q5BJE1	CCDC178
Q5BJF6	ODF2
Q5BKZ1	ZNF326
Q5CZC0	FSIP2
Q5DID0	UMODL1
Q5FBB7	SGO1
Q5GH72	XKR7
Q5H9R7	PPP6R3
Q5HYC2	KIAA2026
Q5HYM0	ZC3H12B
Q5JPF3	ANKRD36C
Q5JRA6	MIA3
Q5JSJ4	INTS6L
Q5JSL3	DOCK11
Q5JSP0	FGD3
Q5JST6	EFHC2
Q5JSZ5	PRRC2B
Q5JTH9	RRP12
Q5JTJ3	COA6
Q5JTV8	TOR1AIP1
Q5K4L6	SLC27A3
Q5M9N0	CCDC158
Q5QJE6	DNTTIP2
Q5RKV6	EXOSC6
Q5SRE5	NUP188
Q5SRN2	TSBP1
Q5SSJ5	HP1BP3
Q5SVQ8	ZBTB41
Q5SW79	CEP170
Q5T0U0	CCDC122
Q5T1M5	FKBP15
Q5T200	ZC3H13
Q5T3I0	GPATCH4
Q5T655	CFAP58
Q5T7N2	L1TD1
Q5T7W0	ZNF618
Q5T871	LELP1
Q5T8P6	RBM26
Q5T9A4	ATAD3B
Q5T9S5	CCDC18
Q5TBA9	FRY
Q5TC82	RC3H1
Q5TDH0	DDI2
Q5THJ4	VPS13D
Q5TZA2	CROCC
Q5U5Z8	AGBL2
Q5UIP0	RIF1
Q5VST9	OBSCN
Q5VT06	CEP350
Q5VT25	CDC42BPA
Q5VT52	RPRD2
Q5VTA0	PRAMEF17
Q5VTE0	EEF1A1P5
Q5VTL8	PRPF38B
Q5VTR2	RNF20
Q5VTU8	ATP5F1EP2
Q5VU57	AGBL4
Q5VU65	NUP210L
Q5VU69	CFAP141
Q5VW32	BROX
Q5VWG9	TAF3
Q5VYJ5	MALRD1
Q5VZ19	TDRD10
Q5W0B1	OBI1
Q5XKP0	MICOS13
Q5XPI4	RNF123
Q63ZY3	KANK2
Q659C4	LARP1B
Q66K74	MAP1S
Q66K79	CPZ
Q68CJ6	NUGGC
Q68CK6	ACSM2B
Q68D10	SPTY2D1
Q68DA7	FMN1
Q68DE3	USF3
Q68DK2	ZFYVE26
Q68DN1	C2orf16
Q68DQ2	CRYBG3
Q68EM7	ARHGAP17
Q6AWC2	WWC2
Q6DD88	ATL3
Q6DHV5	CC2D2B
Q6DKI1	RPL7L1
Q6FI81	CIAPIN1
Q6GPH6	ITPRIPL1
Q6GQQ9	OTUD7B
Q6IA86	ELP2
Q6IAA8	LAMTOR1
Q6IBS0	TWF2
Q6IQ55	TTBK2
Q6ISS4	LAIR2
Q6IV72	ZNF425
Q6MZP7	LIN54
Q6NUK1	SLC25A24
Q6NUP7	PPP4R4
Q6NUQ1	RINT1
Q6NUQ4	TMEM214
Q6NUS8	UGT3A1
Q6NVV3	NIPAL1
Q6NVY1	HIBCH
Q6NZI2	CAVIN1
Q6P0N0	MIS18BP1
Q6P161	MRPL54
Q6P2C0	WDR93
Q6P2E9	EDC4
Q6P2H3	CEP85
Q6P2Q9	PRPF8
Q6P474	PDXDC2P
Q6P4R8	NFRKB
Q6P5W5	SLC39A4
Q6P9A1	ZNF530
Q6PI26	SHQ1
Q6PJT7	ZC3H14
Q6PJW8	CNST
Q6PKC3	TXNDC11
Q6PKG0	LARP1
Q6PL18	ATAD2
Q6PRD7	CEMP1
Q6R2W3	ZBED9
Q6RW13	AGTRAP
Q6SA08	TSSK4
Q6TFL3	CCDC171
Q6U7Q0	ZNF322
Q6UB35	MTHFD1L
Q6UN15	FIP1L1
Q6UVJ0	SASS6
Q6UW63	POGLUT2
Q6UW68	TMEM205
Q6UX53	METTL7B
Q6UXK5	LRRN1
Q6UXN9	WDR82
Q6V0I7	FAT4
Q6V1X1	DPP8
Q6W2J9	BCOR
Q6W5P4	NPSR1
Q6WN34	CHRDL2
Q6XQN6	NAPRT
Q6Y7W6	GIGYF2
Q6YHK3	CD109
Q6YHU6	THADA
Q6ZMQ8	AATK
Q6ZMW3	EML6
Q6ZN06	ZNF813
Q6ZN08	ZNF66
Q6ZNC8	MBOAT1
Q6ZNG0	ZNF620
Q6ZNJ1	NBEAL2
Q6ZP01	RBM44
Q6ZP82	CCDC141
Q6ZQQ6	WDR87
Q6ZS72	PEAK3
Q6ZSA7	LRRC55
Q6ZT07	TBC1D9
Q6ZT62	BARGIN
Q6ZTR5	CFAP47
Q6ZTY9	LINC02902
Q6ZUL3	C8orf86
Q6ZVF9	GPRIN3
Q6ZVH7	ESPNL
Q6ZVM7	TOM1L2
Q6ZVT6	CFAP20DC
Q6ZW61	BBS12
Q6ZWB6	KCTD8
Q70EL1	USP54
Q71DI3	H3C13
Q71DI3	H3C14
Q71DI3	H3C15
Q71UI9	H2AZ2
Q75T13	PGAP1
Q7KZ85	SUPT6H
Q7KZF4	SND1
Q7L014	DDX46
Q7L0Y3	TRMT10C
Q7L1Q6	BZW1
Q7L266	ASRGL1
Q7L2H7	EIF3M
Q7L576	CYFIP1
Q7L5N1	COPS6
Q7L5Y1	ENOSF1
Q7L7V1	DHX32
Q7RTT3	SSX9P
Q7RTV0	PHF5A
Q7RTY8	TMPRSS7
Q7Z2W4	ZC3HAV1
Q7Z2Z2	EFL1
Q7Z3S7	CACNA2D4
Q7Z3T8	ZFYVE16
Q7Z403	TMC6
Q7Z422	SZRD1
Q7Z434	MAVS
Q7Z443	PKD1L3
Q7Z4V5	HDGFL2
Q7Z4W1	DCXR
Q7Z589	EMSY
Q7Z5L9	IRF2BP2
Q7Z5N4	SDK1
Q7Z6E9	RBBP6
Q7Z6J6	FRMD5
Q7Z6Z7	HUWE1
Q7Z7A1	CNTRL
Q7Z7B0	FILIP1
Q86SJ6	DSG4
Q86SQ7	SDCCAG8
Q86T24	ZBTB33
Q86T90	KIAA1328
Q86TE4	LUZP2
Q86U42	PABPN1
Q86UE4	MTDH
Q86UK0	ABCA12
Q86UK7	ZNF598
Q86UP2	KTN1
Q86UU0	BCL9L
Q86UU1	PHLDB1
Q86UW8	HAPLN4
Q86UX7	FERMT3
Q86V15	CASZ1
Q86V81	ALYREF
Q86VH4	LRRTM4
Q86VM9	ZC3H18
Q86VP6	CAND1
Q86VQ1	GLCCI1
Q86VV8	RTTN
Q86VY9	TMEM200A
Q86W92	PPFIBP1
Q86WJ1	CHD1L
Q86WR0	CCDC25
Q86WT6	TRIM69
Q86X55	CARM1
Q86X95	CIR1
Q86XP3	DDX42
Q86XX4	FRAS1
Q86YV0	RASAL3
Q8IU60	DCP2
Q8IU81	IRF2BP1
Q8IUG5	MYO18B
Q8IUL8	CILP2
Q8IUR6	CREBRF
Q8IUX7	AEBP1
Q8IUY3	GRAMD2A
Q8IV33	KIAA0825
Q8IVF2	AHNAK2
Q8IVF5	TIAM2
Q8IVT5	KSR1
Q8IVU1	IGDCC3
Q8IVU9	CABCOCO1
Q8IVV2	LOXHD1
Q8IWA5	SLC44A2
Q8IWB7	WDFY1
Q8IWU9	TPH2
Q8IWV8	UBR2
Q8IWX7	UNC45B
Q8IX12	CCAR1
Q8IX21	SLF2
Q8IY17	PNPLA6
Q8IY50	SLC35F3
Q8IY67	RAVER1
Q8IY81	FTSJ3
Q8IY85	EFCAB13
Q8IYB3	SRRM1
Q8IYD8	FANCM
Q8IYE1	CCDC13
Q8IYJ3	SYTL1
Q8IYM0	FAM186B
Q8IYT4	KATNAL2
Q8IYV9	IZUMO1
Q8IYW2	CFAP46
Q8IZ83	ALDH16A1
Q8IZD0	SAMD14
Q8IZF6	ADGRG4
Q8IZH2	XRN1
Q8IZJ6	TDH
Q8IZU8	DSEL
Q8IZU9	KIRREL3
Q8N0X7	SPART
Q8N129	CNPY4
Q8N131	TMEM123
Q8N137	CNTROB
Q8N163	CCAR2
Q8N165	PDIK1L
Q8N183	NDUFAF2
Q8N1F7	NUP93
Q8N1G0	ZNF687
Q8N1G4	LRRC47
Q8N1N0	CLEC4F
Q8N271	PROM2
Q8N283	ANKRD35
Q8N300	SVBP
Q8N392	ARHGAP18
Q8N3C7	CLIP4
Q8N3F8	MICALL1
Q8N4C6	NIN
Q8N4H5	TOMM5
Q8N4P2	TTC30B
Q8N5M9	JAGN1
Q8N5N7	MRPL50
Q8N608	DPP10
Q8N684	CPSF7
Q8N6H7	ARFGAP2
Q8N6T3	ARFGAP1
Q8N766	EMC1
Q8N7J2	AMER2
Q8N7Z2	GOLGA6L1
Q8N884	CGAS
Q8N895	ZNF366
Q8N8Q8	COX18
Q8N8S7	ENAH
Q8N8Z6	DCBLD1
Q8N972	ZNF709
Q8N9P6	C9orf163
Q8N9U0	TC2N
Q8N9Z2	CCDC71L
Q8NBB4	ZSCAN1
Q8NBI5	SLC43A3
Q8NBJ5	COLGALT1
Q8NBQ5	HSD17B11
Q8NBS9	TXNDC5
Q8NBX0	SCCPDH
Q8NC51	SERBP1
Q8NCA5	FAM98A
Q8NCL4	GALNT6
Q8NCW5	NAXE
Q8NCX0	CCDC150
Q8NDA8	MROH1
Q8NDH2	CCDC168
Q8NE71	ABCF1
Q8NEM8	AGBL3
Q8NEV8	EXPH5
Q8NEY8	PPHLN1
Q8NEZ3	WDR19
Q8NEZ4	KMT2C
Q8NF91	SYNE1
Q8NF99	ZNF397
Q8NFC6	BOD1L1
Q8NFH3	NUP43
Q8NFH5	NUP35
Q8NFI3	ENGASE
Q8NFJ8	BHLHE22
Q8NFQ5	BPIFB6
Q8NFV4	ABHD11
Q8NFW1	COL22A1
Q8NG31	KNL1
Q8NH94	OR1L1
Q8NHQ9	DDX55
Q8NHU3	SGMS2
Q8NI17	IL31RA
Q8NI27	THOC2
Q8TAB3	PCDH19
Q8TAQ2	SMARCC2
Q8TAT6	NPLOC4
Q8TAV3	CYP2W1
Q8TB61	SLC35B2
Q8TBF8	FAM81A
Q8TBJ4	PLPPR1
Q8TBJ5	FEZF2
Q8TBY8	PMFBP1
Q8TBY9	CFAP251
Q8TC59	PIWIL2
Q8TC84	FANK1
Q8TCJ2	STT3B
Q8TCQ1	MARCHF1
Q8TCT9	HM13
Q8TD06	AGR3
Q8TD57	DNAH3
Q8TDD1	DDX54
Q8TDI7	TMC2
Q8TDI8	TMC1
Q8TDM6	DLG5
Q8TDN6	BRIX1
Q8TDR0	TRAF3IP1
Q8TDW0	LRRC8C
Q8TDW7	FAT3
Q8TE73	DNAH5
Q8TEA8	DTD1
Q8TEB1	DCAF11
Q8TEM1	NUP210
Q8TEQ0	SNX29
Q8TEQ6	GEMIN5
Q8TER0	SNED1
Q8TES7	FBF1
Q8TEU7	RAPGEF6
Q8TEX9	IPO4
Q8TF32	ZNF431
Q8TF40	FNIP1
Q8WTT2	NOC3L
Q8WU03	GLYATL2
Q8WU90	ZC3H15
Q8WUD6	CHPT1
Q8WUM0	NUP133
Q8WUM4	PDCD6IP
Q8WUY3	PRUNE2
Q8WVB6	CHTF18
Q8WVR3	TRAPPC14
Q8WVV9	HNRNPLL
Q8WW12	PCNP
Q8WW22	DNAJA4
Q8WWI5	SLC44A1
Q8WWL7	CCNB3
Q8WWM7	ATXN2L
Q8WWM9	CYGB
Q8WWQ0	PHIP
Q8WWY3	PRPF31
Q8WXE0	CASKIN2
Q8WXE1	ATRIP
Q8WXF1	PSPC1
Q8WXG6	MADD
Q8WXH0	SYNE2
Q8WXI7	MUC16
Q8WXQ8	CPA5
Q8WXX5	DNAJC9
Q8WY22	BRI3BP
Q8WYA6	CTNNBL1
Q8WYJ6	SEPTIN1
Q8WYQ5	DGCR8
Q8WZ42	TTN
Q8WZ74	CTTNBP2
Q8WZA0	LZIC
Q8WZA1	POMGNT1
Q92478	CLEC2B
Q92499	DDX1
Q92504	SLC39A7
Q92522	H1-10
Q92526	CCT6B
Q92530	PSMF1
Q92541	RTF1
Q92597	NDRG1
Q92598	HSPH1
Q92608	DOCK2
Q92615	LARP4B
Q92616	GCN1
Q92619	ARHGAP45
Q92621	NUP205
Q92636	NSMAF
Q92667	AKAP1
Q92688	ANP32B
Q92734	TFG
Q92736	RYR2
Q92769	HDAC2
Q92804	TAF15
Q92813	DIO2
Q92820	GGH
Q92841	DDX17
Q92854	SEMA4D
Q92888	ARHGEF1
Q92889	ERCC4
Q92890	UFD1
Q92896	GLG1
Q92900	UPF1
Q92914	FGF11
Q92922	SMARCC1
Q92945	KHSRP
Q92947	GCDH
Q92954	PRG4
Q92973	TNPO1
Q92974	ARHGEF2
Q92979	EMG1
Q92994	BRF1
Q93009	USP7
Q93045	STMN2
Q93063	EXT2
Q95460	MR1
Q969G3	SMARCE1
Q969H8	MYDGF
Q969Q0	RPL36AL
Q969R2	OSBP2
Q969V3	NCLN
Q969Z0	TBRG4
Q96A08	H2BC1
Q96A19	CCDC102A
Q96A33	CCDC47
Q96AE4	FUBP1
Q96AG4	LRRC59
Q96AT1	KIAA1143
Q96B49	TOMM6
Q96B97	SH3KBP1
Q96BK5	PINX1
Q96BN6	FAM149B1
Q96BW9	TAMM41
Q96BY7	ATG2B
Q96C19	EFHD2
Q96C86	DCPS
Q96CN4	EVI5L
Q96CN5	LRRC45
Q96CS3	FAF2
Q96CT7	CCDC124
Q96CW1	AP2M1
Q96DB2	HDAC11
Q96DB5	RMDN1
Q96DH6	MSI2
Q96DI7	SNRNP40
Q96DT5	DNAH11
Q96DU9	PABPC5
Q96EM0	L3HYPDH
Q96ER9	CCDC51
Q96EV2	RBM33
Q96EY1	DNAJA3
Q96EY7	PTCD3
Q96FJ2	DYNLL2
Q96FW1	OTUB1
Q96G23	CERS2
Q96GC5	MRPL48
Q96GK7	FAHD2A
Q96GM8	TOE1
Q96GQ7	DDX27
Q96HE7	ERO1A
Q96HP4	OXNAD1
Q96HQ2	CDKN2AIPNL
Q96HY6	DDRGK1
Q96I24	FUBP3
Q96I25	RBM17
Q96I59	NARS2
Q96I99	SUCLG2
Q96IJ6	GMPPA
Q96IU4	ABHD14B
Q96IX5	ATP5MK
Q96JB5	CDK5RAP3
Q96JF6	ZNF594
Q96JK2	DCAF5
Q96JM2	ZNF462
Q96JM3	CHAMP1
Q96JP2	MYO15B
Q96JQ2	CLMN
Q96K58	ZNF668
Q96K83	ZNF521
Q96KB5	PBK
Q96KG9	SCYL1
Q96KP4	CNDP2
Q96LB8	PGLYRP4
Q96LP6	C12orf42
Q96LW2	RSKR
Q96LX8	ZNF597
Q96M27	PRRC1
Q96M86	DNHD1
Q96M96	FGD4
Q96M98	PACRG
Q96MG7	NSMCE3
Q96MW7	TIGD1
Q96N53	PRDM10-DT
Q96N67	DOCK7
Q96NJ6	ZFP3
Q96NL0	RUNDC3B
Q96NY9	MUS81
Q96P48	ARAP1
Q96P70	IPO9
Q96PK6	RBM14
Q96PN6	ADCY10
Q96PN7	TRERF1
Q96PU4	UHRF2
Q96PU8	QKI
Q96Q11	TRNT1
Q96QB1	DLC1
Q96QH2	PRAM1
Q96QK1	VPS35
Q96RJ0	TAAR1
Q96RL7	VPS13A
Q96RP9	GFM1
Q96RS6	NUDCD1
Q96RT7	TUBGCP6
Q96SB4	SRPK1
Q96SL1	SLC49A4
Q96SU4	OSBPL9
Q96T23	RSF1
Q96T37	RBM15
Q96T51	RUFY1
Q96T52	IMMP2L
Q96T58	SPEN
Q96T88	UHRF1
Q99081	TCF12
Q99426	TBCB
Q99436	PSMB7
Q99439	CNN2
Q99447	PCYT2
Q99459	CDC5L
Q99460	PSMD1
Q99471	PFDN5
Q99497	PARK7
Q99536	VAT1
Q99541	PLIN2
Q99543	DNAJC2
Q99575	POP1
Q99598	TSNAX
Q99613	EIF3C
Q99615	DNAJC7
Q99623	PHB2
Q99627	COPS8
Q99653	CHP1
Q99661	KIF2C
Q99698	LYST
Q99707	MTR
Q99714	HSD17B10
Q99729	HNRNPAB
Q99733	NAP1L4
Q99757	TXN2
Q99805	TM9SF2
Q99829	CPNE1
Q99832	CCT7
Q99848	EBNA1BP2
Q99873	PRMT1
Q99878	H2AC14
Q99880	H2BC13
Q99961	SH3GL1
Q99985	SEMA3C
Q99986	VRK1
Q9BPU6	DPYSL5
Q9BPW5	RASL11B
Q9BPW9	DHRS9
Q9BPX3	NCAPG
Q9BPX5	ARPC5L
Q9BPZ3	PAIP2
Q9BQ04	RBM4B
Q9BQ52	ELAC2
Q9BQ61	TRIR
Q9BQ67	GRWD1
Q9BQ75	CMSS1
Q9BQE3	TUBA1C
Q9BQF6	SENP7
Q9BQG0	MYBBP1A
Q9BQT9	CLSTN3
Q9BRA2	TXNDC17
Q9BRD0	BUD13
Q9BRJ7	NUDT16L1
Q9BRK4	LZTS2
Q9BRK5	SDF4
Q9BRP8	PYM1
Q9BS26	ERP44
Q9BS40	LXN
Q9BSJ2	TUBGCP2
Q9BSJ8	ESYT1
Q9BSW2	CRACR2A
Q9BT78	COPS4
Q9BTE3	MCMBP
Q9BTT0	ANP32E
Q9BUB4	ADAT1
Q9BUJ2	HNRNPUL1
Q9BV36	MLPH
Q9BV40	VAMP8
Q9BV44	THUMPD3
Q9BV57	ADI1
Q9BV73	CEP250
Q9BV94	EDEM2
Q9BVC6	TMEM109
Q9BVG4	PBDC1
Q9BVG8	KIFC3
Q9BVK6	TMED9
Q9BVP2	GNL3
Q9BVS5	TRMT61B
Q9BW19	KIFC1
Q9BW85	YJU2
Q9BWD1	ACAT2
Q9BWF2	TRAIP
Q9BWJ5	SF3B5
Q9BX40	LSM14B
Q9BX68	HINT2
Q9BXF3	CECR2
Q9BXI6	TBC1D10A
Q9BXJ2	C1QTNF7
Q9BXJ9	NAA15
Q9BXP5	SRRT
Q9BXR0	QTRT1
Q9BXS5	AP1M1
Q9BXT4	TDRD1
Q9BXV9	GON7
Q9BXW7	HDHD5
Q9BXX2	ANKRD30B
Q9BXY0	MAK16
Q9BY12	SCAPER
Q9BY32	ITPA
Q9BY44	EIF2A
Q9BY49	PECR
Q9BY77	POLDIP3
Q9BYD3	MRPL4
Q9BYG3	NIFK
Q9BYN8	MRPS26
Q9BYT8	NLN
Q9BYW2	SETD2
Q9BZD4	NUF2
Q9BZE1	MRPL37
Q9BZE4	GTPBP4
Q9BZH6	WDR11
Q9BZI7	UPF3B
Q9BZK7	TBL1XR1
Q9BZX2	UCK2
Q9BZZ2	SIGLEC1
Q9BZZ5	API5
Q9C000	NLRP1
Q9C091	GREB1L
Q9C0B1	FTO
Q9C0C2	TNKS1BP1
Q9C0E8	LNPK
Q9C0F3	ZNF436
Q9C0H6	KLHL4
Q9GZL7	WDR12
Q9GZN8	C20orf27
Q9GZR7	DDX24
Q9GZS3	WDR61
Q9GZT3	SLIRP
Q9GZW5	SCAND2P
Q9GZX7	AICDA
Q9GZZ1	NAA50
Q9H078	CLPB
Q9H098	FAM107B
Q9H0A0	NAT10
Q9H0C8	ILKAP
Q9H0D6	XRN2
Q9H0E2	TOLLIP
Q9H0J9	PARP12
Q9H0S4	DDX47
Q9H0U4	RAB1B
Q9H1E3	NUCKS1
Q9H1R2	DUSP15
Q9H223	EHD4
Q9H239	MMP28
Q9H254	SPTBN4
Q9H267	VPS33B
Q9H299	SH3BGRL3
Q9H2C0	GAN
Q9H2G2	SLK
Q9H2P0	ADNP
Q9H2U1	DHX36
Q9H2U2	PPA2
Q9H2V7	SPNS1
Q9H2W6	MRPL46
Q9H307	PNN
Q9H3E2	SNX25
Q9H3G5	CPVL
Q9H3K6	BOLA2
Q9H3K6	BOLA2B
Q9H3N1	TMX1
Q9H3P7	ACBD3
Q9H3S1	SEMA4A
Q9H3S7	PTPN23
Q9H3U1	UNC45A
Q9H422	HIPK3
Q9H444	CHMP4B
Q9H461	FZD8
Q9H488	POFUT1
Q9H4A4	RNPEP
Q9H4E7	DEF6
Q9H4L7	SMARCAD1
Q9H4M9	EHD1
Q9H5P4	PDZD7
Q9H5V9	STEEP1
Q9H6A0	DENND2D
Q9H6Q4	CIAO3
Q9H6R4	NOL6
Q9H6S0	YTHDC2
Q9H6U6	BCAS3
Q9H6X2	ANTXR1
Q9H773	DCTPP1
Q9H788	SH2D4A
Q9H7B2	RPF2
Q9H7C9	AAMDC
Q9H7E9	C8orf33
Q9H7T3	C10orf95
Q9H845	ACAD9
Q9H8H2	DDX31
Q9H8M7	MINDY3
Q9H8S9	MOB1A
Q9H8Y5	ANKZF1
Q9H8Y8	GORASP2
Q9H910	JPT2
Q9H930	SP140L
Q9H9A6	LRRC40
Q9H9B4	SFXN1
Q9H9J2	MRPL44
Q9HAV0	GNB4
Q9HAV4	XPO5
Q9HAV7	GRPEL1
Q9HB71	CACYBP
Q9HBK9	AS3MT
Q9HBL0	TNS1
Q9HBL8	NMRAL1
Q9HC07	TMEM165
Q9HC38	GLOD4
Q9HCC0	MCCC2
Q9HCD5	NCOA5
Q9HCK1	ZDBF2
Q9HCL0	PCDH18
Q9HCL3	ZFP14
Q9HCM1	RESF1
Q9HCR9	PDE11A
Q9HD20	ATP13A1
Q9HD45	TM9SF3
Q9HDC9	APMAP
Q9NNX1	TUFT1
Q9NP66	HMG20A
Q9NP81	SARS2
Q9NP97	DYNLRB1
Q9NPD3	EXOSC4
Q9NPE2	NGRN
Q9NPF4	OSGEP
Q9NPJ3	ACOT13
Q9NPJ6	MED4
Q9NPL8	TIMMDC1
Q9NPR9	GPR108
Q9NQ55	PPAN
Q9NQA5	TRPV5
Q9NQC1	JADE2
Q9NQC3	RTN4
Q9NQG5	RPRD1B
Q9NQP4	PFDN4
Q9NQR4	NIT2
Q9NQV5	PRDM11
Q9NQV6	PRDM10
Q9NQV7	PRDM9
Q9NQW7	XPNPEP1
Q9NQX4	MYO5C
Q9NR19	ACSS2
Q9NR30	DDX21
Q9NR31	SAR1A
Q9NR33	POLE4
Q9NR45	NANS
Q9NR50	EIF2B3
Q9NR80	ARHGEF4
Q9NRD9	DUOX1
Q9NRH2	SNRK
Q9NRN7	AASDHPPT
Q9NRV9	HEBP1
Q9NRX2	MRPL17
Q9NRX4	PHPT1
Q9NS00	C1GALT1
Q9NS69	TOMM22
Q9NS87	KIF15
Q9NSC5	HOMER3
Q9NSD9	FARSB
Q9NSE4	IARS2
Q9NT62	ATG3
Q9NTG1	PKDREJ
Q9NTI5	PDS5B
Q9NTJ3	SMC4
Q9NTJ5	SACM1L
Q9NTK5	OLA1
Q9NTW7	ZFP64
Q9NTZ6	RBM12
Q9NU02	ANKEF1
Q9NU23	LYRM2
Q9NUB1	ACSS1
Q9NUQ9	CYRIB
Q9NUU7	DDX19A
Q9NVA2	SEPTIN11
Q9NVC6	MED17
Q9NVI1	FANCI
Q9NVI7	ATAD3A
Q9NVJ2	ARL8B
Q9NVP1	DDX18
Q9NVR7	TBCCD1
Q9NVS2	MRPS18A
Q9NVU7	SDAD1
Q9NW13	RBM28
Q9NW82	WDR70
Q9NWB6	ARGLU1
Q9NWH9	SLTM
Q9NWV4	CZIB
Q9NWY4	HPF1
Q9NX05	FAM120C
Q9NX14	NDUFB11
Q9NX24	NHP2
Q9NX40	OCIAD1
Q9NX46	ADPRS
Q9NX47	MARCHF5
Q9NX58	LYAR
Q9NX63	CHCHD3
Q9NXG2	THUMPD1
Q9NY12	GAR1
Q9NY27	PPP4R2
Q9NY30	BTG4
Q9NY33	DPP3
Q9NYA1	SPHK1
Q9NYC9	DNAH9
Q9NYF8	BCLAF1
Q9NYL9	TMOD3
Q9NYQ3	HAO2
Q9NYQ6	CELSR1
Q9NYQ7	CELSR3
Q9NYQ8	FAT2
Q9NYU2	UGGT1
Q9NZ01	TECR
Q9NZ08	ERAP1
Q9NZ63	C9orf78
Q9NZB2	FAM120A
Q9NZI5	GRHL1
Q9NZJ4	SACS
Q9NZM1	MYOF
Q9NZN1	IL1RAPL1
Q9NZN9	AIPL1
Q9NZR2	LRP1B
Q9NZT2	OGFR
Q9P013	CWC15
Q9P016	THYN1
Q9P035	HACD3
Q9P0L0	VAPA
Q9P0U1	TOMM7
Q9P0U3	SENP1
Q9P0V3	SH3BP4
Q9P0W8	SPATA7
Q9P253	VPS18
Q9P258	RCC2
Q9P260	RELCH
Q9P281	BAHCC1
Q9P2D1	CHD7
Q9P2D6	FAM135A
Q9P2E9	RRBP1
Q9P2H3	IFT80
Q9P2H5	USP35
Q9P2J5	LARS1
Q9P2K3	RCOR3
Q9P2L0	WDR35
Q9P2M7	CGN
Q9P2P5	HECW2
Q9P2R3	ANKFY1
Q9P2R7	SUCLA2
Q9P2X0	DPM3
Q9UBC2	EPS15L1
Q9UBE0	SAE1
Q9UBI6	GNG12
Q9UBM7	DHCR7
Q9UBQ0	VPS29
Q9UBQ5	EIF3K
Q9UBQ7	GRHPR
Q9UBR2	CTSZ
Q9UBS4	DNAJB11
Q9UBT2	UBA2
Q9UBU7	DBF4
Q9UBU9	NXF1
Q9UDT6	CLIP2
Q9UDW1	UQCR10
Q9UDY8	MALT1
Q9UEF7	KL
Q9UEY8	ADD3
Q9UFE4	CCDC39
Q9UFH2	DNAH17
Q9UFW8	CGGBP1
Q9UG63	ABCF2
Q9UGI8	TES
Q9UGP8	SEC63
Q9UGR2	ZC3H7B
Q9UH92	MLX
Q9UH99	SUN2
Q9UHB6	LIMA1
Q9UHB9	SRP68
Q9UHD8	SEPTIN9
Q9UHH9	IP6K2
Q9UHL4	DPP7
Q9UHP6	RSPH14
Q9UHQ4	BCAP29
Q9UHR5	SAP30BP
Q9UHV9	PFDN2
Q9UHX1	PUF60
Q9UI12	ATP6V1H
Q9UI47	CTNNA3
Q9UIA9	XPO7
Q9UIC8	LCMT1
Q9UIG0	BAZ1B
Q9UII2	ATP5IF1
Q9UIW2	PLXNA1
Q9UJ41	RABGEF1
Q9UJ70	NAGK
Q9UJC3	HOOK1
Q9UJS0	SLC25A13
Q9UJU6	DBNL
Q9UJW0	DCTN4
Q9UJW2	TINAG
Q9UJX3	ANAPC7
Q9UJZ1	STOML2
Q9UK10	ZNF225
Q9UK32	RPS6KA6
Q9UK45	LSM7
Q9UK76	JPT1
Q9UKD2	MRTO4
Q9UKK3	PARP4
Q9UKK9	NUDT5
Q9UKL3	CASP8AP2
Q9UKM9	RALY
Q9UKN7	MYO15A
Q9UKU0	ACSL6
Q9UKV0	HDAC9
Q9UKV3	ACIN1
Q9UKX3	MYH13
Q9UKX7	NUP50
Q9UKY7	CDV3
Q9UL16	CFAP45
Q9UL25	RAB21
Q9UL46	PSME2
Q9UL51	HCN2
Q9ULA0	DNPEP
Q9ULC4	MCTS1
Q9ULE4	FAM184B
Q9ULG1	INO80
Q9ULI1	NWD2
Q9ULL0	KIAA1210
Q9ULL4	PLXNB3
Q9ULL5	PRR12
Q9ULM2	ZNF490
Q9ULR0	ISY1
Q9ULR3	PPM1H
Q9ULS6	KCNS2
Q9ULV4	CORO1C
Q9ULW0	TPX2
Q9ULW3	ABT1
Q9ULX3	NOB1
Q9ULZ3	PYCARD
Q9UM00	TMCO1
Q9UM22	EPDR1
Q9UMD9	COL17A1
Q9UMS0	NFU1
Q9UMS4	PRPF19
Q9UMX0	UBQLN1
Q9UMX5	NENF
Q9UN37	VPS4A
Q9UN86	G3BP2
Q9UNE7	STUB1
Q9UNF0	PACSIN2
Q9UNF1	MAGED2
Q9UNL2	SSR3
Q9UNM6	PSMD13
Q9UNN5	FAF1
Q9UNS2	COPS3
Q9UNX4	WDR3
Q9UNZ2	NSFL1C
Q9UNZ5	C19orf53
Q9UPA5	BSN
Q9UPM8	AP4E1
Q9UPN3	MACF1
Q9UPN4	CEP131
Q9UPN7	PPP6R1
Q9UPV0	CEP164
Q9UQ13	SHOC2
Q9UQ35	SRRM2
Q9UQ72	PSG11
Q9UQ80	PA2G4
Q9UQB8	BAIAP2
Q9UQE7	SMC3
Q9UQN3	CHMP2B
Q9Y217	MTMR6
Q9Y221	NIP7
Q9Y224	RTRAF
Q9Y230	RUVBL2
Q9Y237	PIN4
Q9Y261	FOXA2
Q9Y262	EIF3L
Q9Y263	PLAA
Q9Y265	RUVBL1
Q9Y266	NUDC
Q9Y275	TNFSF13B
Q9Y277	VDAC3
Q9Y283	INVS
Q9Y285	FARSA
Q9Y291	MRPS33
Q9Y295	DRG1
Q9Y2B0	CNPY2
Q9Y2F5	ICE1
Q9Y2L1	DIS3
Q9Y2L9	LRCH1
Q9Y2Q3	GSTK1
Q9Y2R9	MRPS7
Q9Y2S6	TMA7
Q9Y2S7	POLDIP2
Q9Y2U5	MAP3K2
Q9Y2V2	CARHSP1
Q9Y2W1	THRAP3
Q9Y2W2	WBP11
Q9Y2X3	NOP58
Q9Y2Z0	SUGT1
Q9Y315	DERA
Q9Y333	LSM2
Q9Y334	VWA7
Q9Y376	CAB39
Q9Y383	LUC7L2
Q9Y397	ZDHHC9
Q9Y3A2	UTP11
Q9Y3A5	SBDS
Q9Y3B4	SF3B6
Q9Y3B8	REXO2
Q9Y3B9	RRP15
Q9Y3C6	PPIL1
Q9Y3D9	MRPS23
Q9Y3E5	PTRH2
Q9Y3F4	STRAP
Q9Y3I0	RTCB
Q9Y3Q7	ADAM18
Q9Y3R5	DOP1B
Q9Y3T9	NOC2L
Q9Y3U8	RPL36
Q9Y463	DYRK1B
Q9Y490	TLN1
Q9Y493	ZAN
Q9Y4A5	TRRAP
Q9Y4B5	MTCL1
Q9Y4C1	KDM3A
Q9Y4C4	MFHAS1
Q9Y4C8	RBM19
Q9Y4D7	PLXND1
Q9Y4E8	USP15
Q9Y4F1	FARP1
Q9Y4G6	TLN2
Q9Y4I1	MYO5A
Q9Y4L1	HYOU1
Q9Y4R7	TTLL3
Q9Y4W6	AFG3L2
Q9Y508	RNF114
Q9Y520	PRRC2C
Q9Y547	HSPB11
Q9Y561	LRP12
Q9Y570	PPME1
Q9Y5A9	YTHDF2
Q9Y5B0	CTDP1
Q9Y5B9	SUPT16H
Q9Y5F9	PCDHGB6
Q9Y5H5	PCDHA9
Q9Y5J7	TIMM9
Q9Y5J9	TIMM8B
Q9Y5K5	UCHL5
Q9Y5K8	ATP6V1D
Q9Y5L0	TNPO3
Q9Y5L4	TIMM13
Q9Y5M8	SRPRB
Q9Y5N1	HRH3
Q9Y5S1	TRPV2
Q9Y5S9	RBM8A
Q9Y5T5	USP16
Q9Y5V0	ZNF706
Q9Y5X3	SNX5
Q9Y5Z4	HEBP2
Q9Y606	PUS1
Q9Y617	PSAT1
Q9Y618	NCOR2
Q9Y620	RAD54B
Q9Y653	ADGRG1
Q9Y678	COPG1
Q9Y680	FKBP7
Q9Y696	CLIC4
Q9Y6A5	TACC3
Q9Y6C2	EMILIN1
Q9Y6C9	MTCH2
Q9Y6D5	ARFGEF2
Q9Y6E0	STK24
Q9Y6E2	BZW2
Q9Y6G9	DYNC1LI1
Q9Y6J9	TAF6L
Q9Y6K9	IKBKG
Q9Y6M1	IGF2BP2
Q9Y6N5	SQOR
Q9Y6Q2	STON1
Q9Y6R4	MAP3K4
Q9Y6R9	CCDC61
Q9Y6V7	DDX49
Q9Y6W5	WASF2
Q9Y6X8	ZHX2
Q9Y6X9	MORC2
Q9Y6Y8	SEC23IP
